id_dziecko,imie,nazwisko,data_urodzenia
1,Grethel,METZNER,2013-07-09 00:00:00
2,Amandy,KNOTEK,2014-11-26 00:00:00
3,Pammie,LOZANO,2014-02-17 00:00:00
4,Jacklyn,RUBEL,2012-11-15 00:00:00
5,Cristionna,MATHUS,2014-03-08 00:00:00
6,Goldarina,BUTCH,2014-02-13 00:00:00
7,Melissa,EGNOR,2015-05-22 00:00:00
8,Ceil,BERSCHAUER,2014-01-12 00:00:00
9,Willow,PINA,2013-11-15 00:00:00
10,Esmeralda,TOMASKO,2015-07-06 00:00:00
11,Leone,TABET,2012-07-11 00:00:00
12,Dolores,WEDD,2013-10-10 00:00:00
13,Kerry,DINIZIO,2012-12-11 00:00:00
14,Suzanne,BURNHAM,2015-05-09 00:00:00
15,Vania,NEER,2014-04-05 00:00:00
16,Dora,ADDISON,2012-12-07 00:00:00
17,Rebeka,JARRETTE,2015-07-09 00:00:00
18,Tricia,HULLETT,2013-10-26 00:00:00
19,Kare,STEINBACH,2014-07-24 00:00:00
20,Magda,LAMKIN,2014-06-24 00:00:00
21,Christyna,ROTHWEILER,2015-07-11 00:00:00
22,Ulla,WINDSCHITL,2015-08-16 00:00:00
23,Maritsa,LAUSENG,2013-04-23 00:00:00
24,Marni,SUPNET,2014-04-18 00:00:00
25,Shelley,CERCHIA,2012-10-28 00:00:00
26,Melitta,DEC,2015-10-17 00:00:00
27,Crissie,KHATIB,2014-07-28 00:00:00
28,Jammie,CAYNE,2013-07-05 00:00:00
29,Hinda,ROTRAMEL,2012-11-23 00:00:00
30,Jessy,MCGUIRL,2013-09-19 00:00:00
31,Nissa,REND,2014-04-20 00:00:00
32,Myrtle,MICHELOTTI,2013-10-22 00:00:00
33,Nydia,BACHNER,2012-05-15 00:00:00
34,Natalee,ELGERT,2012-01-31 00:00:00
35,Xenia,GOLDY,2014-03-16 00:00:00
36,Feodora,SEDENKO,2015-04-21 00:00:00
37,Rosina,NIEDZWIEDZKI,2013-09-04 00:00:00
38,Annabela,HOBELL,2012-07-13 00:00:00
39,Sianna,MESERVY,2013-11-23 00:00:00
40,Aloysia,RUBEO,2011-12-08 00:00:00
41,Jenn,SHABAZZ,2012-03-18 00:00:00
42,Krista,TRIFFO,2013-09-08 00:00:00
43,Matelda,FURUBOTTEN,2012-08-06 00:00:00
44,Alvina,LOKKEN,2013-02-10 00:00:00
45,Gates,MARCINKIEWICZ,2014-08-12 00:00:00
46,Katharina,GOCHETT,2012-05-10 00:00:00
47,Genna,SINGSON,2015-10-14 00:00:00
48,Bette-Ann,ROOS,2013-05-07 00:00:00
49,Madge,FERRARA,2014-03-15 00:00:00
50,Amalea,KICKER,2012-07-31 00:00:00
51,Betteann,KUSKY,2014-02-02 00:00:00
52,Korney,LEESE,2015-01-19 00:00:00
53,Ajay,ETHEN,2014-07-11 00:00:00
54,Lorene,INNES,2014-04-01 00:00:00
55,Lesley,PROSS,2015-06-06 00:00:00
56,Valentine,PECA,2013-01-17 00:00:00
57,Patrica,POMPEY,2013-05-04 00:00:00
58,Bernie,ZUCHOWSKI,2014-05-24 00:00:00
59,Lissy,WINKELJOHN,2013-08-19 00:00:00
60,Rorie,STOCKLEY,2014-07-21 00:00:00
61,Carole,BURNS,2012-03-04 00:00:00
62,Patricia,QUERO,2014-10-18 00:00:00
63,Kordula,HUGUENIN,2012-03-24 00:00:00
64,Meryl,SKEES,2014-04-18 00:00:00
65,Madge,SITTS,2015-09-01 00:00:00
66,Zorah,COHILL,2013-12-24 00:00:00
67,Nicholle,NEVILS,2015-12-28 00:00:00
68,Cristina,BORNEMAN,2013-05-20 00:00:00
69,Betsey,RODRIQUZ,2015-05-09 00:00:00
70,Lola,IGNACIO,2014-06-10 00:00:00
71,Vicky,ORAVEC,2015-07-01 00:00:00
72,Lacey,TROCCHIO,2013-12-13 00:00:00
73,Noni,BURKLY,2014-07-07 00:00:00
74,Elita,CARROW,2012-09-02 00:00:00
75,Estella,BENSMAN,2013-01-21 00:00:00
76,Shannon,RIEFFER,2013-06-12 00:00:00
77,Danica,BASORE,2012-08-19 00:00:00
78,Lyndel,BUZZELLI,2013-03-05 00:00:00
79,Shanda,MONTONEY,2012-07-24 00:00:00
80,Ardelia,SASHINGTON,2013-06-27 00:00:00
81,Christian,MARINOS,2015-08-04 00:00:00
82,Audre,MOOMAW,2013-01-17 00:00:00
83,Linette,LINDELOF,2013-12-26 00:00:00
84,Neille,DANSER,2015-06-22 00:00:00
85,Rhetta,HAUGHNEY,2014-07-29 00:00:00
86,Timothea,DRIGGS,2015-03-18 00:00:00
87,Filide,HILOVSKY,2012-05-31 00:00:00
88,Yetta,HALDEMAN,2012-11-03 00:00:00
89,Barbara,LOFGREN,2012-05-11 00:00:00
90,Rafa,GOOKIN,2012-12-18 00:00:00
91,Lorraine,ZIPPE,2014-08-25 00:00:00
92,Minette,SHELBURN,2012-07-17 00:00:00
93,Lilian,PARFITT,2012-07-21 00:00:00
94,Xenia,KINCHEN,2014-03-27 00:00:00
95,Tiffi,HENRIE,2014-05-29 00:00:00
96,Jeri,JETTE,2013-12-02 00:00:00
97,Shirlene,DOXTATER,2015-08-05 00:00:00
98,Ami,GOINES,2014-02-21 00:00:00
99,Arlyn,SKARE,2016-03-17 00:00:00
100,Georgette,SWIECH,2014-07-19 00:00:00
101,Danette,GOIST,2014-02-06 00:00:00
102,Sheryl,HURLBUTT,2014-10-04 00:00:00
103,Tuesday,FERRALES,2013-07-15 00:00:00
104,Billi,KIYUNA,2014-07-05 00:00:00
105,Thia,HOKANSON,2013-01-25 00:00:00
106,Jaine,SPIOTTA,2013-04-28 00:00:00
107,Wenona,RECH,2014-04-13 00:00:00
108,Bobbye,SLARK,2015-06-17 00:00:00
109,Lily,KOERNER,2013-05-20 00:00:00
110,Leena,WOLTERS,2013-05-22 00:00:00
111,Lenka,VALERIANO,2013-05-30 00:00:00
112,Gui,DEON,2013-07-31 00:00:00
113,Thalia,GANES,2015-09-19 00:00:00
114,Dorelle,EGLOFF,2013-02-01 00:00:00
115,Minni,NARAYANAN,2015-12-15 00:00:00
116,Zsazsa,KLEMISCH,2015-09-28 00:00:00
117,Aloise,BENINATI,2012-12-10 00:00:00
118,Lesya,SILLITOE,2013-11-30 00:00:00
119,Mia,MCCLENAGHAN,2012-06-07 00:00:00
120,Anastassia,OLWIN,2015-08-11 00:00:00
121,Fanya,CUNINGHAM,2013-01-27 00:00:00
122,Merola,GOTSCHE,2015-12-22 00:00:00
123,Adore,LESSIN,2015-11-04 00:00:00
124,Nesta,SEEBACH,2014-05-16 00:00:00
125,Drucy,PLANCARTE,2012-11-11 00:00:00
126,Onida,FINKLEY,2013-10-25 00:00:00
127,Fiorenze,ANGERER,2016-04-16 00:00:00
128,Lily,MONGRAIN,2013-04-17 00:00:00
129,Deina,SHOLTY,2012-07-16 00:00:00
130,Jenine,SADEN,2015-04-24 00:00:00
131,Enid,MIQUELON,2015-08-04 00:00:00
132,Trescha,STIRK,2015-01-20 00:00:00
133,Merrilee,TUSHOSKI,2013-05-27 00:00:00
134,Darb,KOMAR,2015-05-07 00:00:00
135,Kerrie,NADELL,2015-05-02 00:00:00
136,Gerianne,COLORINA,2012-10-21 00:00:00
137,Valery,FOUGHT,2016-03-31 00:00:00
138,Ameline,SEAGO,2015-11-25 00:00:00
139,Hortense,SCELBA,2014-05-16 00:00:00
140,Jenn,LUCZKI,2014-05-19 00:00:00
141,Desiree,CHERNY,2016-01-17 00:00:00
142,Mame,KOCHER,2014-11-30 00:00:00
143,Nonie,WHITFILL,2012-08-05 00:00:00
144,Bertha,AMPHY,2015-08-16 00:00:00
145,Blondelle,BAYANI,2016-02-06 00:00:00
146,Marijo,SULESKI,2015-05-16 00:00:00
147,Rhea,TASKER,2014-06-28 00:00:00
148,Shari,KINNON,2013-11-07 00:00:00
149,Charla,BURGES,2013-05-05 00:00:00
150,Ronda,EICHINGER,2013-08-02 00:00:00
151,Alvira,ZINIEWICZ,2016-05-04 00:00:00
152,Cecilia,DAROSA,2016-05-10 00:00:00
153,Dulcinea,DECUIR,2013-10-26 00:00:00
154,Avrit,CHAMPAGNE,2013-07-10 00:00:00
155,Audi,GIEGERICH,2013-12-04 00:00:00
156,Ginelle,GASS,2014-08-14 00:00:00
157,Sharl,HENDRIE,2014-08-24 00:00:00
158,Tommi,RENELL,2013-03-20 00:00:00
159,Candra,ORENDER,2013-12-11 00:00:00
160,Elfrieda,VASSELL,2014-02-04 00:00:00
161,Moina,CASSETTY,2014-01-21 00:00:00
162,Diahann,SKIBA,2015-06-13 00:00:00
163,Genovera,HOPPING,2012-11-26 00:00:00
164,Cicily,GIAGNI,2013-05-31 00:00:00
165,Joycelin,GETTELMAN,2013-02-18 00:00:00
166,Brynn,RIZVI,2015-01-03 00:00:00
167,Philly,POTENZA,2012-10-05 00:00:00
168,Keslie,CHALENDER,2015-01-12 00:00:00
169,Kassey,WANAMAKER,2015-01-25 00:00:00
170,Roobbie,KOSTIUK,2013-04-21 00:00:00
171,Avis,KIRKENDALL,2016-03-10 00:00:00
172,Kizzee,LOEHNER,2013-01-09 00:00:00
173,Denni,AKSAMIT,2013-03-03 00:00:00
174,Justina,GLAUE,2015-12-18 00:00:00
175,Dulciana,LORQUET,2014-10-28 00:00:00
176,Julee,SHEPLEY,2013-04-24 00:00:00
177,Tracey,TOREY,2015-10-05 00:00:00
178,Annabelle,CHRETIEN,2013-11-28 00:00:00
179,Walliw,FROILAND,2015-01-01 00:00:00
180,Johnna,RABENECK,2013-06-30 00:00:00
181,Addia,ALDREDGE,2015-01-06 00:00:00
182,Frances,TAUBE,2013-09-26 00:00:00
183,Estell,ERDAHL,2014-04-24 00:00:00
184,Janaye,KAWELL,2012-12-26 00:00:00
185,Aurie,EHRKE,2012-11-22 00:00:00
186,Stephine,GUEDJIAN,2014-09-22 00:00:00
187,Aggi,FASSIO,2015-03-04 00:00:00
188,Brina,MANDAP,2015-02-25 00:00:00
189,Andee,MULLINS,2013-10-24 00:00:00
190,Etheline,SHINDLEDECKER,2014-05-21 00:00:00
191,Shanta,JOENS,2012-10-12 00:00:00
192,Drusilla,TWIDDY,2015-03-29 00:00:00
193,Ursa,DRAHEIM,2013-02-11 00:00:00
194,Minetta,LIKOS,2016-10-07 00:00:00
195,Rozalin,KOCK,2015-04-18 00:00:00
196,Amelie,VANLIER,2014-06-29 00:00:00
197,Ranice,FIERMAN,2013-06-26 00:00:00
198,Freddi,TODORA,2016-07-09 00:00:00
199,Olly,VANKOTEN,2014-05-15 00:00:00
200,Eve,SIMER,2013-07-05 00:00:00
201,Katina,HOUTS,2014-08-01 00:00:00
202,Crista,GUDGER,2015-10-28 00:00:00
203,Barbara-Anne,SKILTON,2016-10-31 00:00:00
204,Flore,KUEHNHOLD,2014-05-24 00:00:00
205,Dara,CUSIMANO,2016-07-06 00:00:00
206,Raynell,BALDRIGE,2016-02-10 00:00:00
207,Alecia,KAKAR,2015-08-28 00:00:00
208,Gina,MCCUSKER,2013-11-23 00:00:00
209,Olenka,BALASKI,2013-06-23 00:00:00
210,Linnie,PERLIN,2016-09-09 00:00:00
211,Casi,NOWAKOWSKI,2014-05-07 00:00:00
212,Marylinda,ASTARITA,2014-04-18 00:00:00
213,Lidia,MUSTAIN,2016-11-14 00:00:00
214,Gabrila,FINNLEY,2016-06-14 00:00:00
215,Cybill,BETHLEY,2016-08-27 00:00:00
216,Alyssa,CARMINE,2015-05-20 00:00:00
217,Ali,JUBRAN,2015-04-26 00:00:00
218,Danila,DREGRICH,2015-02-07 00:00:00
219,Toby,MOSAKOWSKI,2014-05-08 00:00:00
220,Lisbeth,PARAT,2014-12-29 00:00:00
221,Lorinda,MALLONEE,2015-01-08 00:00:00
222,Hephzibah,ANCAR,2014-06-20 00:00:00
223,Agathe,FAZZINA,2016-03-29 00:00:00
224,Kali,FRYREAR,2013-03-10 00:00:00
225,Dniren,CAZAREZ,2016-11-17 00:00:00
226,Caryl,MOESSNER,2013-02-09 00:00:00
227,Sharon,JORDAHL,2015-01-20 00:00:00
228,Christa,ALEXENDER,2013-04-09 00:00:00
229,Lurline,STACKER,2014-06-08 00:00:00
230,Gwyneth,ASMUSSEN,2014-04-08 00:00:00
231,Jourdan,RILLIE,2013-07-06 00:00:00
232,Blythe,FESUS,2014-08-23 00:00:00
233,Corinne,TOZZI,2014-11-20 00:00:00
234,Lishe,BROADNAX,2013-07-10 00:00:00
235,Delora,GUSTINE,2015-09-05 00:00:00
236,Merl,FENSTER,2013-05-18 00:00:00
237,Agnola,NORBY,2016-09-19 00:00:00
238,Ellene,SIEPKER,2014-07-27 00:00:00
239,Tess,RINDFLEISCH,2015-09-10 00:00:00
240,Roanne,CAMBURN,2014-01-09 00:00:00
241,Prisca,LAVANCHY,2013-12-26 00:00:00
242,Felita,COOKSON,2016-09-07 00:00:00
243,Aeriel,HYDE,2013-12-11 00:00:00
244,Karyl,MAISEL,2016-07-08 00:00:00
245,Sada,DONEHOO,2015-07-14 00:00:00
246,Lurlene,SHARICK,2015-03-23 00:00:00
247,Starlin,DAUDT,2013-07-15 00:00:00
248,Karel,KOHUS,2013-04-13 00:00:00
249,Joy,SCHUUR,2015-08-21 00:00:00
250,Rasia,PLUYM,2014-01-10 00:00:00
251,Ashia,DEBOIS,2014-09-18 00:00:00
252,Ilsa,CHEVES,2014-03-23 00:00:00
253,Pam,FIGUEIRA,2013-02-26 00:00:00
254,Kaye,ROLES,2014-08-19 00:00:00
255,Kynthia,DEARRING,2015-09-06 00:00:00
256,Zilvia,KLOPP,2016-06-12 00:00:00
257,Felita,STREICH,2016-11-11 00:00:00
258,Meggy,STELZER,2013-10-14 00:00:00
259,Fifine,HAINSEY,2016-12-17 00:00:00
260,Corey,MADRIZ,2016-05-01 00:00:00
261,Oliy,CRAM,2014-11-12 00:00:00
262,Kippie,MARKSBERRY,2014-09-03 00:00:00
263,Issie,BAGNELL,2016-11-08 00:00:00
264,Larine,KEAL,2013-06-24 00:00:00
265,Dale,ANTONY,2015-04-03 00:00:00
266,Maude,PHELP,2013-07-01 00:00:00
267,Jacynth,BONNES,2017-01-01 00:00:00
268,Kari,PONG,2013-08-10 00:00:00
269,Caresse,RYCE,2014-03-16 00:00:00
270,Cathy,DEJESUS,2013-10-12 00:00:00
271,Cherey,BEERLE,2015-05-17 00:00:00
272,Orel,BERNA,2014-03-15 00:00:00
273,Erena,SKOLFIELD,2014-07-17 00:00:00
274,Dalenna,GEDO,2013-05-14 00:00:00
275,Keeley,MADARAS,2016-04-14 00:00:00
276,Estell,SHEARIN,2016-12-12 00:00:00
277,Steffie,MUREL,2017-03-23 00:00:00
278,Casi,NEGRI,2013-08-16 00:00:00
279,Ceciley,TAHA,2013-06-25 00:00:00
280,Tanitansy,SAHLBERG,2014-06-22 00:00:00
281,Roxie,CATO,2016-04-30 00:00:00
282,Ann,BOUGHTER,2014-02-11 00:00:00
283,Karine,MIKEZ,2016-03-11 00:00:00
284,Sella,ROBAR,2015-12-25 00:00:00
285,Idalia,MECKLER,2015-07-04 00:00:00
286,Dawna,GEPPERT,2013-05-24 00:00:00
287,Ricki,ANNUZZI,2016-08-05 00:00:00
288,Joyann,GLOR,2014-03-09 00:00:00
289,Regine,LANGOLF,2014-04-28 00:00:00
290,Valida,HOLUB,2016-10-23 00:00:00
291,Stephana,TOGASHI,2017-03-19 00:00:00
292,Dniren,FLAMER,2014-06-05 00:00:00
293,Nerita,RESSEL,2014-08-03 00:00:00
294,Madelaine,NEWSUM,2015-01-03 00:00:00
295,Karlene,VAYDA,2015-06-10 00:00:00
296,Courtney,HAASS,2013-11-30 00:00:00
297,Carmine,ZERHUSEN,2016-05-02 00:00:00
298,Lenna,FIUMARA,2016-04-09 00:00:00
299,Tera,MCCOMBIE,2013-11-30 00:00:00
300,Jorie,NUNNELLEY,2015-06-16 00:00:00
301,Claudine,GOUDE,2016-05-22 00:00:00
302,Kirby,BERESIK,2016-12-24 00:00:00
303,Breanne,SKIMEHORN,2014-04-22 00:00:00
304,Alene,VANBEBBER,2015-08-22 00:00:00
305,Madelina,GREGORIA,2015-11-02 00:00:00
306,Edie,HANNULA,2014-01-07 00:00:00
307,Raychel,TIERMAN,2017-01-16 00:00:00
308,Deva,LEMARR,2016-02-24 00:00:00
309,Legra,COLASANTE,2014-10-14 00:00:00
310,Rochelle,TAVERAS,2013-12-27 00:00:00
311,Leah,SLIFER,2014-05-16 00:00:00
312,Elsbeth,FRANZEN,2015-03-07 00:00:00
313,Laurene,BUSSONE,2016-05-20 00:00:00
314,Genevieve,CVETKOVIC,2016-08-07 00:00:00
315,Corey,KORGIE,2015-12-14 00:00:00
316,Melonie,VIRES,2013-08-29 00:00:00
317,Josselyn,METHERELL,2015-10-24 00:00:00
318,Susanna,VIDES,2014-01-14 00:00:00
319,Leah,JOWELL,2014-01-05 00:00:00
320,Cher,FORST,2013-11-09 00:00:00
321,Shaylah,TEKELL,2015-02-17 00:00:00
322,Laverne,VIDINHA,2014-06-30 00:00:00
323,Chickie,KAMAKA,2015-10-13 00:00:00
324,Ronnie,CONSOLO,2017-06-21 00:00:00
325,Corenda,RUDISH,2014-04-13 00:00:00
326,Christyna,HEMRICK,2014-02-03 00:00:00
327,Dorella,FAUTH,2016-04-04 00:00:00
328,Hetti,CRAIGEN,2016-01-19 00:00:00
329,Nalani,SAMIDE,2014-09-03 00:00:00
330,Tana,GERUNDO,2017-02-21 00:00:00
331,Meara,FLAM,2014-11-14 00:00:00
332,Ola,TOMBRELLO,2015-10-04 00:00:00
333,Jeanna,NIGHTENGALE,2014-10-29 00:00:00
334,Mallory,MOMPHARD,2016-12-03 00:00:00
335,Buffy,PEATRY,2017-01-20 00:00:00
336,Sula,MCCOLLUM,2017-06-14 00:00:00
337,Ariela,PIASECKI,2016-03-08 00:00:00
338,Gwenni,SHURTS,2016-11-29 00:00:00
339,Arlie,HOMESLEY,2016-11-02 00:00:00
340,Kara-Lynn,WENSKY,2014-01-24 00:00:00
341,Leandra,BUETER,2014-05-24 00:00:00
342,Mavis,DARRUP,2017-01-15 00:00:00
343,Marcia,MOHRING,2015-06-30 00:00:00
344,Agretha,CHEEK,2017-05-11 00:00:00
345,Henrietta,SOPKO,2014-05-11 00:00:00
346,Tabina,SEPICH,2015-03-22 00:00:00
347,Christalle,ESSICK,2016-08-16 00:00:00
348,Bert,KNAFF,2015-02-14 00:00:00
349,Nadeen,ORM,2013-10-26 00:00:00
350,Correna,HERBISON,2013-09-30 00:00:00
351,Ceciley,COLASURDO,2016-08-19 00:00:00
352,Renate,CHARLSON,2014-12-09 00:00:00
353,Brittni,SEARA,2017-04-11 00:00:00
354,Daryl,FRONK,2014-06-18 00:00:00
355,Melisent,PAVONE,2017-02-24 00:00:00
356,Aubrette,SOPLOP,2014-07-17 00:00:00
357,Sissie,BAMBURG,2015-06-15 00:00:00
358,Zandra,BROUSSARD,2014-12-05 00:00:00
359,Allison,SPANGER,2014-05-08 00:00:00
360,Kaylyn,HICKTON,2016-11-22 00:00:00
361,Melva,MARKSBERRY,2014-09-05 00:00:00
362,Zsa Zsa,BOUSLEY,2016-03-08 00:00:00
363,Delcine,ROLLO,2014-05-28 00:00:00
364,Devi,PAPLOW,2014-04-06 00:00:00
365,Tamera,YAFUSO,2015-12-26 00:00:00
366,Judy,SHIRD,2015-06-01 00:00:00
367,Stevana,OYERVIDES,2016-09-17 00:00:00
368,Sibylle,PENNEY,2014-09-07 00:00:00
369,Mersey,STECK,2014-10-29 00:00:00
370,Maurene,DUGO,2015-10-06 00:00:00
371,Beth,FOSS,2014-07-27 00:00:00
372,Kristel,ESQUERRA,2016-08-21 00:00:00
373,Barb,BOHAN,2015-01-20 00:00:00
374,Madelaine,GRZYWINSKI,2014-09-08 00:00:00
375,Allsun,KOZLOWSKI,2014-05-14 00:00:00
376,Jessica,ANTU,2015-11-23 00:00:00
377,Elisabeth,HOWLE,2017-06-08 00:00:00
378,Kettie,KNABLE,2016-02-11 00:00:00
379,Joly,LUALLEN,2014-07-26 00:00:00
380,Milena,HENKENSIEFKEN,2015-03-09 00:00:00
381,Krissie,STAKKELAND,2014-08-19 00:00:00
382,Cloe,TRIBOU,2017-02-15 00:00:00
383,Adeline,DORNER,2016-08-06 00:00:00
384,Willamina,ANTWINE,2014-03-01 00:00:00
385,Ardella,GENNINGS,2016-12-16 00:00:00
386,Cathee,GOODE,2015-12-18 00:00:00
387,Tybie,LACHINO,2014-04-28 00:00:00
388,Sophi,BRENISER,2014-06-02 00:00:00
389,Flossi,NOBRIGA,2016-11-03 00:00:00
390,Celestina,MANGIAMELE,2014-09-25 00:00:00
391,Sarine,LAYO,2013-11-18 00:00:00
392,Nadiya,JAVIS,2016-03-30 00:00:00
393,Emmeline,ROSBOZOM,2017-04-01 00:00:00
394,Myra,BUNDSCHUH,2016-04-28 00:00:00
395,Virgie,PARDO,2016-05-31 00:00:00
396,Ulrika,WINNEGAN,2015-08-29 00:00:00
397,Janey,BARNHURST,2016-07-20 00:00:00
398,Kitty,ALLEGRE,2015-12-10 00:00:00
399,Isidora,SHYMSKE,2014-02-02 00:00:00
400,Cordie,DEBBINS,2015-12-15 00:00:00
401,Mamie,LEAZER,2016-01-06 00:00:00
402,Malvina,OLESKIEWICZ,2017-03-01 00:00:00
403,Amalia,DOWDEN,2015-04-29 00:00:00
404,Leigh,PISCITELLO,2014-11-24 00:00:00
405,Meagan,ECKRICH,2015-07-30 00:00:00
406,Kamilah,GRUSH,2014-11-18 00:00:00
407,Eolande,BODINE,2014-06-07 00:00:00
408,Abigael,TOMALA,2016-02-18 00:00:00
409,Monique,IODICE,2016-12-29 00:00:00
410,Georgeta,LANK,2015-02-26 00:00:00
411,Shana,ANGELETTI,2014-10-05 00:00:00
412,Daisey,DALE,2013-12-13 00:00:00
413,Maryanna,SAMIT,2016-10-31 00:00:00
414,Emeline,LEVERONE,2015-11-20 00:00:00
415,Charmane,CHILCOTE,2016-10-29 00:00:00
416,Mersey,SOUSER,2016-09-08 00:00:00
417,Fernanda,BRIMMER,2017-01-31 00:00:00
418,Deina,DUNCIL,2016-09-17 00:00:00
419,Val,POULISSE,2017-04-27 00:00:00
420,Kaylee,SON,2017-05-11 00:00:00
421,Claudie,STECK,2015-05-29 00:00:00
422,Alexandra,ALTROGGE,2017-07-10 00:00:00
423,Rianon,BRANDENBERG,2015-01-20 00:00:00
424,Harriott,ZUMBA,2017-05-23 00:00:00
425,Ashla,JOVICH,2017-06-01 00:00:00
426,Valentine,MARFLAK,2017-05-26 00:00:00
427,Louise,AZZARELLA,2014-07-29 00:00:00
428,Dee,PASHEL,2017-03-28 00:00:00
429,Glynnis,HEFFERNEN,2016-10-19 00:00:00
430,Barrie,MCGEEVER,2016-02-07 00:00:00
431,Darsie,BERGSJO,2016-07-03 00:00:00
432,Rosette,OLDRIDGE,2015-03-14 00:00:00
433,Avis,HINGLE,2017-03-30 00:00:00
434,Kellie,WALDAL,2015-04-08 00:00:00
435,Rochelle,PANYKO,2015-12-13 00:00:00
436,Ula,SENS,2017-12-19 00:00:00
437,Cahra,ROSENSTEIN,2014-03-05 00:00:00
438,Paloma,GUILFOIL,2014-02-26 00:00:00
439,Athena,NITSCHKE,2017-02-18 00:00:00
440,Rivy,STANKEY,2016-04-16 00:00:00
441,Hortense,TAIRA,2016-06-19 00:00:00
442,Isobel,FRISELLA,2014-06-08 00:00:00
443,Connie,TROMLEY,2015-06-28 00:00:00
444,Clair,BITTINGER,2017-05-23 00:00:00
445,Glad,FLEVER,2017-04-08 00:00:00
446,Laureen,DONALDS,2014-03-22 00:00:00
447,Dacie,DESIMONE,2016-04-20 00:00:00
448,Maddy,REININGER,2015-07-31 00:00:00
449,Valaree,AUGHENBAUGH,2015-03-23 00:00:00
450,Abigael,GROEBER,2015-08-10 00:00:00
451,Fredelia,CERAO,2014-12-13 00:00:00
452,Beatrix,AUCHMOODY,2016-03-25 00:00:00
453,Evaleen,ZABLOCKI,2017-11-01 00:00:00
454,Eleni,RUMFELT,2016-02-20 00:00:00
455,Dixie,GRIFFITHS,2017-02-21 00:00:00
456,Devinne,GUERRA,2016-07-04 00:00:00
457,Molly,DEAL,2015-03-02 00:00:00
458,Delphine,HEMLEPP,2017-10-17 00:00:00
459,Roxie,LANOIS,2017-01-30 00:00:00
460,Christabel,STCHUR,2014-04-06 00:00:00
461,Barbara,GIARUSSO,2015-12-21 00:00:00
462,Drusi,KELLETT,2016-08-19 00:00:00
463,Annadiane,RAISOR,2017-07-13 00:00:00
464,Glori,MCCUTCHAN,2016-12-08 00:00:00
465,Cara,KRESS,2016-07-24 00:00:00
466,Debor,SURRIDGE,2014-10-10 00:00:00
467,Ailene,BACCARI,2016-07-06 00:00:00
468,Josie,MERKLE,2016-05-06 00:00:00
469,Kariotta,DELROSARIO,2015-07-19 00:00:00
470,Fenelia,BAUMFALK,2018-01-15 00:00:00
471,Flor,SCARTH,2014-12-07 00:00:00
472,Merrill,NACKE,2017-01-14 00:00:00
473,Casie,RHYNE,2014-05-24 00:00:00
474,Kata,ENCINAS,2016-12-09 00:00:00
475,Jacqueline,VANNAMAN,2014-09-04 00:00:00
476,Gizela,SATCHER,2015-01-20 00:00:00
477,Tate,LIZAOLA,2014-08-15 00:00:00
478,Bernie,DESAMPARO,2015-05-20 00:00:00
479,Leodora,RHUE,2017-06-25 00:00:00
480,Irma,RUNDALL,2017-04-28 00:00:00
481,Ethelind,IMPARATO,2014-10-13 00:00:00
482,Vickie,SWONKE,2014-06-24 00:00:00
483,Christabel,OHM,2017-12-14 00:00:00
484,Dolorita,HICKERSON,2017-05-31 00:00:00
485,Pansy,GESINSKI,2014-08-28 00:00:00
486,Odetta,TUTTERROW,2016-07-06 00:00:00
487,Tersina,KOWIS,2016-03-04 00:00:00
488,Wilie,BEYERLEIN,2016-03-12 00:00:00
489,Tuesday,GRABENSTEIN,2016-05-19 00:00:00
490,Hally,KECSKES,2014-08-31 00:00:00
491,Gae,GEDYE,2018-01-29 00:00:00
492,Danni,GUIDA,2016-10-04 00:00:00
493,Billy,PIOLI,2015-05-18 00:00:00
494,Babette,RYDELL,2015-03-07 00:00:00
495,Petronia,AUMICH,2015-08-20 00:00:00
496,Neely,SPUELER,2015-01-11 00:00:00
497,Valli,OTTOSON,2017-07-14 00:00:00
498,Lita,AMBURGEY,2016-04-28 00:00:00
499,Cammy,VANDRESAR,2017-11-14 00:00:00
500,Cam,HEADEN,2017-04-30 00:00:00
501,Betsey,PALAFOX,2017-09-20 00:00:00
502,Millie,JUNIUS,2014-11-28 00:00:00
503,Rubie,BUTTACCIO,2016-05-16 00:00:00
504,Prudy,MCNIEL,2016-11-29 00:00:00
505,Cleo,PIERZCHALA,2014-07-17 00:00:00
506,Joan,ALTSCHULER,2017-08-05 00:00:00
507,Karon,TIMPER,2018-01-22 00:00:00
508,Adaline,COFFEE,2017-06-25 00:00:00
509,Kimberli,GARUFI,2016-04-05 00:00:00
510,Mavis,LAUTZ,2015-02-16 00:00:00
511,Gerda,IDE,2016-11-28 00:00:00
512,Rosette,RICHERDS,2018-06-30 00:00:00
513,Novelia,LAPINSKI,2016-07-06 00:00:00
514,Monah,CASSAGNE,2016-10-26 00:00:00
515,Daisi,PICCIRILLO,2018-05-15 00:00:00
516,Elsi,TAAFFE,2018-02-26 00:00:00
517,Kare,BAUMGARN,2016-02-22 00:00:00
518,Catarina,SHELTON,2016-11-14 00:00:00
519,Lucretia,PAMPHILE,2018-01-20 00:00:00
520,Dee Dee,BAUR,2018-02-03 00:00:00
521,Janot,MIRZADEH,2018-03-25 00:00:00
522,Abagael,SHEDD,2017-10-01 00:00:00
523,Windy,MIERNICKI,2015-12-14 00:00:00
524,Camilla,CROSNO,2014-12-24 00:00:00
525,Cindelyn,CARATHERS,2017-01-19 00:00:00
526,Donny,ALECCA,2017-12-21 00:00:00
527,Jacquelyn,BOLLIN,2017-01-28 00:00:00
528,Koralle,VOTRAW,2018-04-06 00:00:00
529,Ellissa,LOVEJOY,2015-01-12 00:00:00
530,Lexi,GERRITS,2017-04-23 00:00:00
531,Enid,LEILICH,2018-03-25 00:00:00
532,Lishe,STUM,2016-05-02 00:00:00
533,Prudi,MALEWSKI,2015-07-01 00:00:00
534,Rayna,STREIFF,2017-08-01 00:00:00
535,Grete,DOTSTRY,2018-08-19 00:00:00
536,Haily,ANTONELLO,2018-02-15 00:00:00
537,Nell,GALSTER,2016-02-12 00:00:00
538,Dori,HABERLE,2015-12-18 00:00:00
539,Tamarah,STRETCH,2018-04-05 00:00:00
540,Moria,GROLLMAN,2016-11-27 00:00:00
541,Maxi,DUNMORE,2017-10-04 00:00:00
542,Querida,COTTMAN,2017-07-28 00:00:00
543,Zelma,LOYAL,2017-10-12 00:00:00
544,Jaymee,WAITES,2018-05-01 00:00:00
545,Hortensia,BUSSEY,2017-10-24 00:00:00
546,Jemimah,BROBERG,2015-11-11 00:00:00
547,Daisy,HARDGE,2017-10-15 00:00:00
548,Afton,GOODERMOTE,2016-03-11 00:00:00
549,Lora,TALL,2016-04-25 00:00:00
550,Bobinette,PARNESS,2016-07-06 00:00:00
551,Helga,CARDINALE,2015-04-19 00:00:00
552,Tobe,PUSEY,2015-03-11 00:00:00
553,Hildy,MURRAY,2017-03-29 00:00:00
554,Therine,DESPAIN,2015-09-01 00:00:00
555,Felipa,GEDMAN,2017-02-15 00:00:00
556,Lucy,WORMAN,2018-03-29 00:00:00
557,Yoshiko,KRUCKEBERG,2017-06-30 00:00:00
558,Tracee,DEBBINS,2016-02-10 00:00:00
559,Selle,NOURI,2018-03-27 00:00:00
560,Hedvige,CARROLL,2015-10-21 00:00:00
561,Xena,EADS,2016-03-01 00:00:00
562,Ashli,KREWSON,2016-04-26 00:00:00
563,Corrie,BUSCHMANN,2018-09-25 00:00:00
564,Jaquenette,GASH,2018-08-20 00:00:00
565,Patti,ALVA,2015-10-10 00:00:00
566,Lucille,MULLINGS,2016-11-07 00:00:00
567,Noel,RUPINSKI,2016-10-22 00:00:00
568,Tiffani,RASNIC,2018-02-02 00:00:00
569,Maryellen,SCHOW,2018-06-14 00:00:00
570,Frannie,PRESSMAN,2017-07-01 00:00:00
571,Tabbatha,MACDERMOTT,2017-02-01 00:00:00
572,Gianna,SWADER,2016-03-06 00:00:00
573,Linda,HOSMAN,2016-04-11 00:00:00
574,Leandra,DURAN,2018-01-01 00:00:00
575,Lurlene,SIEBENS,2017-11-30 00:00:00
576,Beatriz,CONTRERAZ,2018-03-13 00:00:00
577,Dorice,HERKE,2017-07-07 00:00:00
578,Leisha,MIRISOLA,2018-01-10 00:00:00
579,Minne,SHEARIER,2014-12-03 00:00:00
580,Sidonia,LAVORINI,2016-08-09 00:00:00
581,Theresa,BIGG,2016-08-10 00:00:00
582,Joellyn,RELL,2017-07-02 00:00:00
583,Fredra,GARETT,2015-02-13 00:00:00
584,Letisha,LACHAT,2018-11-15 00:00:00
585,Clarabelle,ENRRIQUEZ,2017-01-12 00:00:00
586,Vivienne,BEATTIE,2016-12-18 00:00:00
587,Deloria,ARMOUR,2018-01-08 00:00:00
588,Alie,EMOND,2015-10-19 00:00:00
589,Carina,TREADWAY,2017-01-05 00:00:00
590,Elisa,BRAMEL,2017-12-06 00:00:00
591,Moina,AQUAS,2017-11-30 00:00:00
592,Fred,UNTERZUBER,2015-11-08 00:00:00
593,Desiree,ASHBY,2016-10-23 00:00:00
594,Tatiania,SKIDGEL,2015-02-07 00:00:00
595,Brandea,WHITLINGER,2018-05-17 00:00:00
596,Jeana,LINGAD,2016-10-06 00:00:00
597,Jena,NYSETHER,2018-05-15 00:00:00
598,Candie,SLOMSKI,2015-10-20 00:00:00
599,Bethina,AQUERO,2017-09-13 00:00:00
600,Clareta,HODEL,2017-05-18 00:00:00
601,Kimmi,MIESSNER,2017-05-12 00:00:00
602,Bonnie,PELLEY,2017-10-04 00:00:00
603,Juliana,SEATS,2015-01-28 00:00:00
604,Stephine,STUEDEMANN,2017-11-12 00:00:00
605,Lorianne,PAPANDREA,2018-08-20 00:00:00
606,Emmeline,SULZMAN,2016-08-23 00:00:00
607,Fanya,BERENGUER,2018-02-11 00:00:00
608,Nyssa,SCOTTY,2015-01-31 00:00:00
609,Lindsy,MASLEN,2018-07-18 00:00:00
610,Emalia,ANGIONE,2017-11-04 00:00:00
611,Kore,KHN,2019-01-08 00:00:00
612,Rosie,BERGREN,2017-04-10 00:00:00
613,Jackelyn,SCHLIPP,2016-04-09 00:00:00
614,Yoshiko,ALCIDE,2016-03-26 00:00:00
615,Ardisj,DEMOND,2015-05-02 00:00:00
616,Modestia,RAPAPORT,2018-07-25 00:00:00
617,Keslie,TRNONG,2016-09-09 00:00:00
618,Toinette,HIRAKI,2017-02-23 00:00:00
619,Annalise,LACOVARA,2017-06-03 00:00:00
620,Korella,YARNELL,2017-12-29 00:00:00
621,Marlene,KRULISH,2015-05-03 00:00:00
622,Yetty,ZAKRZEWSKI,2017-02-08 00:00:00
623,Cristionna,WADA,2015-05-19 00:00:00
624,Olive,DERBY,2018-09-02 00:00:00
625,Katharina,ESHOM,2018-09-23 00:00:00
626,Lishe,LEVANDOSKI,2017-07-11 00:00:00
627,Celestia,RAYBORN,2016-11-18 00:00:00
628,Lynett,OLEKSA,2016-02-07 00:00:00
629,Trenna,GOUTY,2016-05-21 00:00:00
630,Ingaborg,ENGELBERG,2016-04-13 00:00:00
631,Nikkie,MUTCH,2016-04-18 00:00:00
632,Laureen,ZORICH,2015-08-31 00:00:00
633,Antoinette,RIDLER,2018-03-05 00:00:00
634,Cassey,PULLER,2016-02-06 00:00:00
635,Susy,DEVIVO,2016-01-15 00:00:00
636,Becka,GREGERSEN,2015-06-20 00:00:00
637,Lorine,KYPUROS,2018-06-28 00:00:00
638,Robbin,MEECE,2015-07-27 00:00:00
639,Hildegarde,SEIFER,2018-02-04 00:00:00
640,Rheta,GRUEN,2018-04-28 00:00:00
641,Verine,PONZIO,2018-07-08 00:00:00
642,Linzy,GINDER,2018-10-24 00:00:00
643,Shina,DENZIN,2017-10-19 00:00:00
644,Maurizia,ROESKE,2016-10-18 00:00:00
645,Neila,DOVENMUEHLER,2017-07-25 00:00:00
646,Dierdre,SOLTON,2017-07-31 00:00:00
647,Chelsy,LILLEY,2018-06-07 00:00:00
648,Sophia,BALI,2015-05-14 00:00:00
649,Valentia,PURDON,2019-04-19 00:00:00
650,Flo,MATTERS,2018-09-30 00:00:00
651,Paule,WIERZBICKI,2018-02-14 00:00:00
652,Arlie,PROSAK,2018-12-22 00:00:00
653,Paulita,THIEDE,2015-09-21 00:00:00
654,Orsola,SCHAADT,2017-08-28 00:00:00
655,Randee,WHIGHAM,2015-09-19 00:00:00
656,Birgit,BROUSE,2016-04-04 00:00:00
657,Zonda,YESTRAMSKI,2019-04-10 00:00:00
658,Leila,VONG,2019-02-16 00:00:00
659,Viviene,BELNAS,2019-05-10 00:00:00
660,Lusa,CRIGLER,2017-12-20 00:00:00
661,Darcee,GIDEON,2017-07-03 00:00:00
662,Roxy,DURBIN,2017-12-13 00:00:00
663,Annalee,ANDREAS,2015-07-19 00:00:00
664,Jillana,PAPAY,2018-01-14 00:00:00
665,Jeane,SIPPEL,2017-07-18 00:00:00
666,Alida,DEPAULA,2015-12-07 00:00:00
667,Lavinia,YANT,2016-04-15 00:00:00
668,Verna,CRADLE,2015-06-20 00:00:00
669,Penni,AUDIRSCH,2016-02-23 00:00:00
670,Dee,HEMRY,2017-12-21 00:00:00
671,Pauly,PORIETIS,2015-10-06 00:00:00
672,Jemmy,GREINKE,2017-08-31 00:00:00
673,Kym,ELGIN,2016-04-27 00:00:00
674,Tarra,COGGSDALE,2016-05-02 00:00:00
675,Elysee,LEMME,2017-07-10 00:00:00
676,Korie,DINUNZIO,2017-10-31 00:00:00
677,Catrina,SMELTZER,2016-01-13 00:00:00
678,Aurelea,BARKO,2017-05-28 00:00:00
679,Kate,KERSCH,2018-11-07 00:00:00
680,Adria,NISHIKAWA,2017-11-25 00:00:00
681,Erminie,SCHOLES,2017-10-13 00:00:00
682,Athena,BERSTEIN,2017-09-06 00:00:00
683,Tiertza,DEGRASS,2018-05-23 00:00:00
684,Lavinia,KHAUV,2017-12-09 00:00:00
685,Tony,MCCOMB,2018-05-20 00:00:00
686,Kathe,BANECKER,2017-01-06 00:00:00
687,Phylys,FRESQUEZ,2017-10-01 00:00:00
688,Mirabel,NOGGLER,2016-12-15 00:00:00
689,Dinny,ARMON,2018-03-26 00:00:00
690,Deny,REINEN,2017-03-08 00:00:00
691,Felicle,PALAKIKO,2017-02-11 00:00:00
692,Aurlie,DAFFRON,2017-08-13 00:00:00
693,Jeanie,MORONI,2018-09-05 00:00:00
694,Nell,FERGEN,2016-05-11 00:00:00
695,Rosabel,BUCHANNON,2019-01-30 00:00:00
696,Karolina,KLUMP,2019-07-23 00:00:00
697,Gertrudis,BRANTER,2018-09-11 00:00:00
698,Karalee,MANNSCHRECK,2016-05-24 00:00:00
699,Robin,PALCZYNSKI,2015-10-28 00:00:00
700,Helen,NIXION,2016-05-06 00:00:00
701,Faustine,HOINACKI,2018-09-22 00:00:00
702,Janey,NEILING,2017-06-21 00:00:00
703,Ronda,PAYOR,2019-03-28 00:00:00
704,Blinny,NAHAS,2017-09-29 00:00:00
705,Margot,HANISKO,2018-03-23 00:00:00
706,Jacquie,GERARDI,2016-08-10 00:00:00
707,Kizzie,ROBERTI,2016-09-07 00:00:00
708,Betsy,BONALUMI,2016-05-02 00:00:00
709,Bethena,BEOUGHER,2016-11-30 00:00:00
710,Gianina,JANOWIAK,2016-03-02 00:00:00
711,Madalyn,BRESNAN,2016-09-13 00:00:00
712,Tracee,ROMANCE,2016-02-15 00:00:00
713,Claudie,FIDDLER,2017-02-17 00:00:00
714,Othilia,PAOLETTA,2018-07-31 00:00:00
715,Torie,MASZTAL,2015-10-29 00:00:00
716,Cathryn,MOEN,2018-04-04 00:00:00
717,Matilda,ADSIDE,2017-11-27 00:00:00
718,Bernardina,PETCH,2016-12-18 00:00:00
719,Kimmy,STRANDE,2018-01-04 00:00:00
720,Ferne,BONNEAU,2016-11-05 00:00:00
721,Sorcha,BIELAK,2019-07-06 00:00:00
722,Elva,DEQUINZIO,2018-07-13 00:00:00
723,Querida,BEGOLLI,2019-01-16 00:00:00
724,Alene,JESKE,2019-08-27 00:00:00
725,Klara,PEATMAN,2017-01-31 00:00:00
726,Scarlet,GLADYSZ,2018-02-05 00:00:00
727,Fancy,CARTHON,2018-06-10 00:00:00
728,Jaymee,PHANTHANOUVON,2017-03-17 00:00:00
729,Cammy,REINKEN,2016-05-08 00:00:00
730,Myrle,CHENOT,2015-12-11 00:00:00
731,Rhianna,MCKENTIE,2019-09-16 00:00:00
732,Auroora,BORMAN,2017-10-16 00:00:00
733,Konstance,ROUSE,2016-04-04 00:00:00
734,Kimmie,GILLING,2016-11-28 00:00:00
735,Lita,MORMANN,2017-05-08 00:00:00
736,Rheba,PREISS,2017-09-18 00:00:00
737,Leann,LEFTWICH,2018-06-04 00:00:00
738,Malva,GAUB,2016-02-09 00:00:00
739,Davina,DUNG,2016-06-16 00:00:00
740,Rani,MCCLENNINGHAM,2018-05-09 00:00:00
741,Dorry,MAUREY,2016-02-16 00:00:00
742,Tammi,KLAGES,2018-09-15 00:00:00
743,Angel,RENZULLI,2016-11-19 00:00:00
744,Randie,CALTABIANO,2019-08-27 00:00:00
745,Josey,ZERKO,2016-03-12 00:00:00
746,Ilka,LOERA,2016-08-22 00:00:00
747,Alaine,TIEDEMANN,2016-06-15 00:00:00
748,Stormie,WESTERN,2018-05-11 00:00:00
749,Dotty,BURGET,2018-11-21 00:00:00
750,Frayda,QUILES,2019-02-03 00:00:00
751,Marleen,LICHTENWALNER,2018-03-16 00:00:00
752,Doralynne,LINDY,2018-10-18 00:00:00
753,Ulrikaumeko,HELDER,2016-05-29 00:00:00
754,Regan,EDDY,2016-09-26 00:00:00
755,Nicholle,SYPHER,2017-08-28 00:00:00
756,Lonna,KOEP,2019-05-27 00:00:00
757,Lurette,HAMONDS,2017-11-28 00:00:00
758,Gene,RUYZ,2019-06-15 00:00:00
759,Juliane,BEEK,2017-06-26 00:00:00
760,Catriona,LITZSINGER,2016-06-24 00:00:00
761,Roseline,GHAZIANI,2016-06-10 00:00:00
762,Raine,KAMINSKY,2016-07-09 00:00:00
763,Gay,SAMMET,2017-10-25 00:00:00
764,Julianne,MCCLEES,2019-10-14 00:00:00
765,Dolli,LEHTO,2019-09-30 00:00:00
766,Sari,AINSWORTH,2016-06-06 00:00:00
767,Claudelle,HUFSTETLER,2017-08-01 00:00:00
768,Mirabel,LOBALBO,2017-01-31 00:00:00
769,Gusty,POLCYN,2019-07-07 00:00:00
770,Abigale,FOLLETTE,2018-06-25 00:00:00
771,Marna,HAECK,2019-06-14 00:00:00
772,Krystyna,NEWHART,2018-01-10 00:00:00
773,Opaline,SWAYNOS,2017-11-03 00:00:00
774,Rosa,ERHART,2019-04-15 00:00:00
775,Brooke,PAGLIO,2017-10-09 00:00:00
776,Morena,WOLANSKI,2017-01-18 00:00:00
777,Carmon,GUST,2016-01-26 00:00:00
778,Fran,MARSLAND,2018-07-11 00:00:00
779,Davine,ELWONGER,2016-05-20 00:00:00
780,Aimil,EBLEN,2016-03-26 00:00:00
781,Valenka,FERRA,2018-03-01 00:00:00
782,Marcela,MINNS,2016-12-15 00:00:00
783,Meade,MADONNA,2019-03-04 00:00:00
784,Kori,LICKLITER,2019-03-01 00:00:00
785,Leanora,SWENTZEL,2016-02-19 00:00:00
786,Angelita,VANORDER,2019-12-06 00:00:00
787,Deonne,GREDER,2017-09-13 00:00:00
788,Ava,DVORAK,2017-08-01 00:00:00
789,Dollie,SOLAS,2017-07-22 00:00:00
790,Rhody,EK,2016-05-16 00:00:00
791,Lacy,WILLCOXON,2018-04-26 00:00:00
792,Gilly,KOVACS,2017-02-23 00:00:00
793,Agatha,KARASEK,2018-04-24 00:00:00
794,Sally,MERTENS,2019-07-23 00:00:00
795,Vere,LOISELLE,2016-09-21 00:00:00
796,Latia,EHIGIATOR,2019-04-22 00:00:00
797,Bernadina,PLATT,2019-06-30 00:00:00
798,Margret,GOGOCHA,2018-12-10 00:00:00
799,Julia,HOLLENSHEAD,2016-12-21 00:00:00
800,Silvana,OBAR,2018-07-03 00:00:00
801,Angela,BALIGA,2016-11-23 00:00:00
802,Petronella,REAGAN,2017-01-04 00:00:00
803,Robinette,KILVER,2019-03-16 00:00:00
804,Minnnie,PECORARO,2019-09-21 00:00:00
805,Zulema,HISKEY,2018-10-01 00:00:00
806,Verile,DREESE,2019-10-10 00:00:00
807,Arliene,FUHRMANN,2016-06-09 00:00:00
808,Samantha,LABABIT,2019-08-31 00:00:00
809,Jeannie,MARMIE,2016-04-13 00:00:00
810,Beverlee,BRUCKNER,2019-01-21 00:00:00
811,Evvy,IZAGUIRRE,2016-05-06 00:00:00
812,Rosamund,MAGAN,2017-11-21 00:00:00
813,Lorelle,SOLICH,2019-05-06 00:00:00
814,Ferdinande,CUCH,2017-11-25 00:00:00
815,Quintina,RICKEY,2018-10-04 00:00:00
816,Else,NORSEWORTHY,2020-01-29 00:00:00
817,Beulah,CARREJO,2018-10-22 00:00:00
818,Theo,URICK,2020-03-09 00:00:00
819,Chloe,MESSERSCHMIDT,2016-07-28 00:00:00
820,Darda,SHERRETTS,2020-02-28 00:00:00
821,Netty,ZNIDARSIC,2019-04-23 00:00:00
822,Margaretta,MATTOX,2019-03-28 00:00:00
823,Lonnie,KOTERA,2018-05-31 00:00:00
824,Ainslee,HARTMANN,2019-06-19 00:00:00
825,Lainey,NORWELL,2017-10-13 00:00:00
826,Rena,ONDECK,2018-09-27 00:00:00
827,Liva,MONTY,2018-06-12 00:00:00
828,Annie,LAFOREST,2018-10-23 00:00:00
829,Fernanda,GAUANI,2017-08-02 00:00:00
830,Brandie,REISIG,2018-11-11 00:00:00
831,Julee,KORBA,2018-12-12 00:00:00
832,Stormi,HILKE,2018-09-08 00:00:00
833,Aubrey,FAULHABER,2018-11-18 00:00:00
834,Arlina,BOYER,2017-05-17 00:00:00
835,Inga,COLONNA,2016-09-14 00:00:00
836,Elysia,DOWER,2020-03-07 00:00:00
837,Carlee,BUNTON,2018-11-21 00:00:00
838,Rowe,LIPHAM,2019-08-10 00:00:00
839,Tandy,GRANZOW,2016-09-24 00:00:00
840,Teddi,CARONNA,2018-02-05 00:00:00
841,Jan,GITZLAFF,2017-03-13 00:00:00
842,Alina,ISGRO,2018-11-26 00:00:00
843,Christian,CADIGAN,2018-05-18 00:00:00
844,Petronille,IMADA,2018-06-09 00:00:00
845,Rianon,TECUANHUEY,2019-10-26 00:00:00
846,Danna,WASKOM,2020-04-30 00:00:00
847,Rosabel,BALLOON,2017-03-24 00:00:00
848,Shayla,BARNUM,2020-05-25 00:00:00
849,Izabel,BERCEIR,2017-07-02 00:00:00
850,Willamina,SKIBISKY,2017-01-18 00:00:00
851,Selestina,DELAPP,2016-09-19 00:00:00
852,Vinny,SCHOETTLE,2018-07-29 00:00:00
853,Millie,BEYNON,2019-11-26 00:00:00
854,Mellisa,ANTIGUA,2017-09-26 00:00:00
855,Sari,SUSA,2019-08-21 00:00:00
856,Alika,REQUENA,2018-12-13 00:00:00
857,Eimile,CALDORON,2020-04-06 00:00:00
858,Ralina,DEVORA,2016-08-20 00:00:00
859,Sela,RUTHENBERG,2016-09-03 00:00:00
860,Madella,LOTT,2016-07-19 00:00:00
861,Morissa,KANDA,2019-04-29 00:00:00
862,Josselyn,MILOTA,2017-01-27 00:00:00
863,Vivyanne,STOUGH,2018-01-15 00:00:00
864,Dorolisa,STEELMAN,2018-06-12 00:00:00
865,Juana,BEDNEY,2016-08-28 00:00:00
866,Antonietta,LESLEY,2017-11-15 00:00:00
867,Brita,GAN,2019-06-06 00:00:00
868,Tabbitha,BESTON,2018-11-22 00:00:00
869,Claudie,LANTERMAN,2018-08-26 00:00:00
870,Eddie,HEDGER,2017-12-11 00:00:00
871,Edythe,MOFFAT,2020-06-22 00:00:00
872,Eddy,KNOCH,2017-06-04 00:00:00
873,Lucia,GALASHAW,2019-05-15 00:00:00
874,Lilian,GANJI,2020-01-01 00:00:00
875,Lida,METCHIKOFF,2019-12-04 00:00:00
876,Ami,SADE,2016-08-22 00:00:00
877,Wilma,STIEBER,2017-03-25 00:00:00
878,Felice,ROGALA,2016-10-19 00:00:00
879,Corenda,HAIR,2019-01-06 00:00:00
880,Maggie,GUERRY,2017-05-13 00:00:00
881,Angelica,HARBIN,2019-06-25 00:00:00
882,Johnath,GEHR,2017-08-21 00:00:00
883,Beryl,BROLL,2017-03-22 00:00:00
884,Diane-Marie,RACINE,2016-10-02 00:00:00
885,Lilia,STANNARD,2017-12-01 00:00:00
886,Philipa,DOWLESS,2020-06-27 00:00:00
887,Dyanna,HOLCEY,2019-03-09 00:00:00
888,Arleyne,ROMACK,2019-08-20 00:00:00
889,Micheline,FREUND,2016-12-04 00:00:00
890,Daphne,STERLE,2020-01-15 00:00:00
891,Lotta,WALDRUP,2018-07-31 00:00:00
892,Wilona,SHEMANSKI,2019-10-30 00:00:00
893,Karlotte,FEDORA,2019-02-17 00:00:00
894,Melisent,HOCUTT,2017-09-20 00:00:00
895,Lauri,KARMANN,2018-08-23 00:00:00
896,Daryn,GALLIMORE,2018-01-25 00:00:00
897,Othilie,KONKOL,2019-01-13 00:00:00
898,Dolly,LOBDELL,2018-01-04 00:00:00
899,Caye,WILLMS,2019-10-05 00:00:00
900,Lyndsie,SWIDERSKI,2019-01-08 00:00:00
901,Ysabel,MONTEFORTE,2018-03-04 00:00:00
902,Francyne,MCKELPHIN,2020-05-25 00:00:00
903,Shani,CASTELLOW,2020-08-31 00:00:00
904,Taryn,ALLAH,2019-05-28 00:00:00
905,Enriqueta,HINKLEY,2018-12-11 00:00:00
906,Barry,BUNES,2020-02-03 00:00:00
907,Sonni,ALVINO,2016-11-17 00:00:00
908,Leela,TAIL,2020-07-10 00:00:00
909,Kristi,BIGIO,2017-01-20 00:00:00
910,Dotti,LOCKARD,2020-07-12 00:00:00
911,Latashia,TRAVISS,2018-09-25 00:00:00
912,Jennica,HUIZAR,2017-06-20 00:00:00
